[{"model": "admin.logentry", "pk": 1, "fields": {"action_time": "2021-07-16T15:00:53.170Z", "user": 1, "content_type": 16, "object_id": "1", "object_repr": "NellGlasper", "action_flag": 1, "change_message": "[{\"added\": {}}]"}}, {"model": "admin.logentry", "pk": 2, "fields": {"action_time": "2021-07-16T15:00:58.787Z", "user": 1, "content_type": 16, "object_id": "2", "object_repr": "ChrisMcLeod", "action_flag": 1, "change_message": "[{\"added\": {}}]"}}, {"model": "admin.logentry", "pk": 3, "fields": {"action_time": "2021-07-16T15:01:07.764Z", "user": 1, "content_type": 16, "object_id": "3", "object_repr": "DavidGlasper", "action_flag": 1, "change_message": "[{\"added\": {}}]"}}, {"model": "admin.logentry", "pk": 4, "fields": {"action_time": "2021-07-16T15:01:15.952Z", "user": 1, "content_type": 16, "object_id": "4", "object_repr": "NellMcLeod", "action_flag": 1, "change_message": "[{\"added\": {}}]"}}, {"model": "admin.logentry", "pk": 5, "fields": {"action_time": "2021-07-16T15:02:26.118Z", "user": 1, "content_type": 16, "object_id": "4", "object_repr": "Nell McLeod", "action_flag": 2, "change_message": "[]"}}, {"model": "admin.logentry", "pk": 6, "fields": {"action_time": "2021-07-16T15:02:36.084Z", "user": 1, "content_type": 16, "object_id": "5", "object_repr": "Folly Twatdog", "action_flag": 1, "change_message": "[{\"added\": {}}]"}}, {"model": "admin.logentry", "pk": 7, "fields": {"action_time": "2021-07-16T15:02:57.069Z", "user": 1, "content_type": 14, "object_id": "1", "object_repr": "preschool", "action_flag": 1, "change_message": "[{\"added\": {}}]"}}, {"model": "admin.logentry", "pk": 8, "fields": {"action_time": "2021-07-16T15:03:47.628Z", "user": 1, "content_type": 14, "object_id": "2", "object_repr": "5-7", "action_flag": 1, "change_message": "[{\"added\": {}}]"}}, {"model": "admin.logentry", "pk": 9, "fields": {"action_time": "2021-07-16T15:03:58.820Z", "user": 1, "content_type": 14, "object_id": "3", "object_repr": "8-10", "action_flag": 1, "change_message": "[{\"added\": {}}]"}}, {"model": "admin.logentry", "pk": 10, "fields": {"action_time": "2021-07-16T15:04:18.495Z", "user": 1, "content_type": 14, "object_id": "4", "object_repr": "10-12", "action_flag": 1, "change_message": "[{\"added\": {}}]"}}, {"model": "admin.logentry", "pk": 11, "fields": {"action_time": "2021-07-16T15:10:32.005Z", "user": 1, "content_type": 17, "object_id": "1", "object_repr": "preschool", "action_flag": 1, "change_message": "[{\"added\": {}}]"}}, {"model": "admin.logentry", "pk": 12, "fields": {"action_time": "2021-07-16T15:10:36.594Z", "user": 1, "content_type": 17, "object_id": "2", "object_repr": "5-7", "action_flag": 1, "change_message": "[{\"added\": {}}]"}}, {"model": "admin.logentry", "pk": 13, "fields": {"action_time": "2021-07-16T15:10:40.074Z", "user": 1, "content_type": 17, "object_id": "3", "object_repr": "8-10", "action_flag": 1, "change_message": "[{\"added\": {}}]"}}, {"model": "admin.logentry", "pk": 14, "fields": {"action_time": "2021-07-16T15:10:46.674Z", "user": 1, "content_type": 17, "object_id": "4", "object_repr": "teen", "action_flag": 1, "change_message": "[{\"added\": {}}]"}}, {"model": "admin.logentry", "pk": 15, "fields": {"action_time": "2021-07-16T15:11:32.038Z", "user": 1, "content_type": 13, "object_id": "1", "object_repr": "nature_world", "action_flag": 1, "change_message": "[{\"added\": {}}]"}}, {"model": "admin.logentry", "pk": 16, "fields": {"action_time": "2021-07-16T15:12:18.858Z", "user": 1, "content_type": 13, "object_id": "2", "object_repr": "technology_machines", "action_flag": 1, "change_message": "[{\"added\": {}}]"}}, {"model": "admin.logentry", "pk": 17, "fields": {"action_time": "2021-07-16T15:12:38.169Z", "user": 1, "content_type": 13, "object_id": "3", "object_repr": "space", "action_flag": 1, "change_message": "[{\"added\": {}}]"}}, {"model": "admin.logentry", "pk": 18, "fields": {"action_time": "2021-07-16T15:13:07.196Z", "user": 1, "content_type": 13, "object_id": "4", "object_repr": "history", "action_flag": 1, "change_message": "[{\"added\": {}}]"}}, {"model": "admin.logentry", "pk": 19, "fields": {"action_time": "2021-07-16T15:13:28.449Z", "user": 1, "content_type": 13, "object_id": "5", "object_repr": "dinosaurs", "action_flag": 1, "change_message": "[{\"added\": {}}]"}}, {"model": "admin.logentry", "pk": 20, "fields": {"action_time": "2021-07-16T15:13:56.729Z", "user": 1, "content_type": 13, "object_id": "6", "object_repr": "animals", "action_flag": 1, "change_message": "[{\"added\": {}}]"}}, {"model": "admin.logentry", "pk": 21, "fields": {"action_time": "2021-07-16T15:14:16.380Z", "user": 1, "content_type": 13, "object_id": "7", "object_repr": "oceans_sea", "action_flag": 1, "change_message": "[{\"added\": {}}]"}}, {"model": "admin.logentry", "pk": 22, "fields": {"action_time": "2021-07-16T15:14:30.810Z", "user": 1, "content_type": 13, "object_id": "2", "object_repr": "technology_machines", "action_flag": 2, "change_message": "[{\"changed\": {\"fields\": [\"Screen name\"]}}]"}}, {"model": "admin.logentry", "pk": 23, "fields": {"action_time": "2021-07-16T15:17:59.240Z", "user": 1, "content_type": 15, "object_id": "1", "object_repr": "Jude's Favourite Book", "action_flag": 1, "change_message": "[{\"added\": {}}]"}}, {"model": "admin.logentry", "pk": 24, "fields": {"action_time": "2021-07-16T15:18:44.568Z", "user": 1, "content_type": 15, "object_id": "2", "object_repr": "David's Favourite Horse Manual", "action_flag": 1, "change_message": "[{\"added\": {}}]"}}, {"model": "admin.logentry", "pk": 25, "fields": {"action_time": "2021-07-16T15:52:10.823Z", "user": 1, "content_type": 15, "object_id": "2", "object_repr": "David's Favourite Horse Manual", "action_flag": 2, "change_message": "[{\"changed\": {\"fields\": [\"Image\"]}}]"}}, {"model": "admin.logentry", "pk": 26, "fields": {"action_time": "2021-07-16T15:52:21.072Z", "user": 1, "content_type": 15, "object_id": "2", "object_repr": "David's Favourite Horse Manual", "action_flag": 2, "change_message": "[{\"changed\": {\"fields\": [\"Image\"]}}]"}}, {"model": "admin.logentry", "pk": 27, "fields": {"action_time": "2021-07-16T20:23:14.809Z", "user": 1, "content_type": 16, "object_id": "6", "object_repr": "Michael Driscoll", "action_flag": 1, "change_message": "[{\"added\": {}}]"}}, {"model": "admin.logentry", "pk": 28, "fields": {"action_time": "2021-07-16T20:36:28.130Z", "user": 1, "content_type": 15, "object_id": "3", "object_repr": "A Child's Introduction To The Night Sky", "action_flag": 1, "change_message": "[{\"added\": {}}]"}}, {"model": "admin.logentry", "pk": 29, "fields": {"action_time": "2021-07-16T20:37:14.796Z", "user": 1, "content_type": 16, "object_id": "7", "object_repr": "Bruce Betts", "action_flag": 1, "change_message": "[{\"added\": {}}]"}}, {"model": "admin.logentry", "pk": 30, "fields": {"action_time": "2021-07-16T20:37:36.047Z", "user": 1, "content_type": 15, "object_id": "4", "object_repr": "My First Book of Planets", "action_flag": 1, "change_message": "[{\"added\": {}}]"}}, {"model": "admin.logentry", "pk": 31, "fields": {"action_time": "2021-07-16T20:38:20.031Z", "user": 1, "content_type": 16, "object_id": "8", "object_repr": "Catherine D. Hughes", "action_flag": 1, "change_message": "[{\"added\": {}}]"}}, {"model": "admin.logentry", "pk": 32, "fields": {"action_time": "2021-07-16T20:39:02.357Z", "user": 1, "content_type": 15, "object_id": "5", "object_repr": "National Geographic Little Kids First Big Book of Space", "action_flag": 1, "change_message": "[{\"added\": {}}]"}}, {"model": "admin.logentry", "pk": 33, "fields": {"action_time": "2021-07-16T20:39:58.301Z", "user": 1, "content_type": 15, "object_id": "2", "object_repr": "David's Favourite Horse Manual", "action_flag": 3, "change_message": ""}}, {"model": "admin.logentry", "pk": 34, "fields": {"action_time": "2021-07-16T20:39:58.332Z", "user": 1, "content_type": 15, "object_id": "1", "object_repr": "Jude's Favourite Book", "action_flag": 3, "change_message": ""}}, {"model": "admin.logentry", "pk": 35, "fields": {"action_time": "2021-07-18T14:51:53.159Z", "user": 1, "content_type": 15, "object_id": "3", "object_repr": "A Child's Introduction To The Night Sky", "action_flag": 2, "change_message": "[{\"changed\": {\"fields\": [\"Author\", \"Age range\"]}}]"}}, {"model": "admin.logentry", "pk": 36, "fields": {"action_time": "2021-07-18T14:52:10.056Z", "user": 1, "content_type": 15, "object_id": "3", "object_repr": "A Child's Introduction To The Night Sky", "action_flag": 2, "change_message": "[]"}}, {"model": "admin.logentry", "pk": 37, "fields": {"action_time": "2021-07-18T14:52:14.662Z", "user": 1, "content_type": 15, "object_id": "3", "object_repr": "A Child's Introduction To The Night Sky", "action_flag": 2, "change_message": "[]"}}, {"model": "admin.logentry", "pk": 38, "fields": {"action_time": "2021-07-18T16:05:38.542Z", "user": 1, "content_type": 15, "object_id": "6", "object_repr": "My Test Book", "action_flag": 1, "change_message": "[{\"added\": {}}]"}}, {"model": "admin.logentry", "pk": 39, "fields": {"action_time": "2021-07-18T20:27:06.390Z", "user": 1, "content_type": 15, "object_id": "7", "object_repr": "also testing", "action_flag": 1, "change_message": "[{\"added\": {}}]"}}, {"model": "admin.logentry", "pk": 40, "fields": {"action_time": "2021-07-19T13:25:33.844Z", "user": 1, "content_type": 15, "object_id": "7", "object_repr": "also testing", "action_flag": 2, "change_message": "[{\"changed\": {\"fields\": [\"Genre\"]}}]"}}, {"model": "admin.logentry", "pk": 41, "fields": {"action_time": "2021-07-19T13:27:08.118Z", "user": 1, "content_type": 15, "object_id": "3", "object_repr": "A Child's Introduction To The Night Sky", "action_flag": 2, "change_message": "[{\"changed\": {\"fields\": [\"Genre\"]}}]"}}, {"model": "admin.logentry", "pk": 42, "fields": {"action_time": "2021-07-19T13:27:20.923Z", "user": 1, "content_type": 15, "object_id": "4", "object_repr": "My First Book of Planets", "action_flag": 2, "change_message": "[{\"changed\": {\"fields\": [\"Genre\", \"Author\", \"Age range\"]}}]"}}, {"model": "admin.logentry", "pk": 43, "fields": {"action_time": "2021-07-19T13:27:30.895Z", "user": 1, "content_type": 15, "object_id": "6", "object_repr": "My Test Book", "action_flag": 2, "change_message": "[{\"changed\": {\"fields\": [\"Genre\"]}}]"}}, {"model": "admin.logentry", "pk": 44, "fields": {"action_time": "2021-07-19T13:27:39.793Z", "user": 1, "content_type": 15, "object_id": "5", "object_repr": "National Geographic Little Kids First Big Book of Space", "action_flag": 2, "change_message": "[{\"changed\": {\"fields\": [\"Genre\", \"Author\", \"Age range\"]}}]"}}, {"model": "admin.logentry", "pk": 45, "fields": {"action_time": "2021-07-19T13:28:07.773Z", "user": 1, "content_type": 15, "object_id": "7", "object_repr": "also testing", "action_flag": 2, "change_message": "[{\"changed\": {\"fields\": [\"Genre\"]}}]"}}, {"model": "admin.logentry", "pk": 46, "fields": {"action_time": "2021-07-19T13:28:19.470Z", "user": 1, "content_type": 15, "object_id": "6", "object_repr": "My Test Book", "action_flag": 2, "change_message": "[{\"changed\": {\"fields\": [\"Genre\"]}}]"}}, {"model": "admin.logentry", "pk": 47, "fields": {"action_time": "2021-07-19T14:18:59.899Z", "user": 1, "content_type": 15, "object_id": "3", "object_repr": "A Child's Introduction To The Night Sky", "action_flag": 2, "change_message": "[{\"added\": {\"name\": \"item-author relationship\", \"object\": \"Item_author object (8)\"}}]"}}, {"model": "admin.logentry", "pk": 48, "fields": {"action_time": "2021-07-19T14:19:23.040Z", "user": 1, "content_type": 15, "object_id": "3", "object_repr": "A Child's Introduction To The Night Sky", "action_flag": 2, "change_message": "[{\"added\": {\"name\": \"item-author relationship\", \"object\": \"Item_author object (9)\"}}, {\"added\": {\"name\": \"item-author relationship\", \"object\": \"Item_author object (10)\"}}, {\"added\": {\"name\": \"item-author relationship\", \"object\": \"Item_author object (11)\"}}]"}}, {"model": "admin.logentry", "pk": 49, "fields": {"action_time": "2021-07-19T14:20:34.366Z", "user": 1, "content_type": 15, "object_id": "3", "object_repr": "A Child's Introduction To The Night Sky", "action_flag": 2, "change_message": "[{\"deleted\": {\"name\": \"item-author relationship\", \"object\": \"Item_author object (None)\"}}, {\"deleted\": {\"name\": \"item-author relationship\", \"object\": \"Item_author object (None)\"}}, {\"deleted\": {\"name\": \"item-author relationship\", \"object\": \"Item_author object (None)\"}}, {\"deleted\": {\"name\": \"item-author relationship\", \"object\": \"Item_author object (None)\"}}]"}}, {"model": "admin.logentry", "pk": 50, "fields": {"action_time": "2021-07-19T14:21:37.865Z", "user": 1, "content_type": 15, "object_id": "3", "object_repr": "A Child's Introduction To The Night Sky", "action_flag": 2, "change_message": "[]"}}, {"model": "admin.logentry", "pk": 51, "fields": {"action_time": "2021-07-19T14:21:43.830Z", "user": 1, "content_type": 15, "object_id": "3", "object_repr": "A Child's Introduction To The Night Sky", "action_flag": 2, "change_message": "[{\"added\": {\"name\": \"item-author relationship\", \"object\": \"Item_author object (12)\"}}]"}}, {"model": "admin.logentry", "pk": 52, "fields": {"action_time": "2021-07-19T14:21:59.122Z", "user": 1, "content_type": 15, "object_id": "3", "object_repr": "A Child's Introduction To The Night Sky", "action_flag": 2, "change_message": "[{\"changed\": {\"fields\": [\"Author\"]}}]"}}, {"model": "admin.logentry", "pk": 53, "fields": {"action_time": "2021-07-20T13:44:53.954Z", "user": 1, "content_type": 15, "object_id": "3", "object_repr": "A Child's Introduction To The Night Sky", "action_flag": 2, "change_message": "[{\"changed\": {\"fields\": [\"Price\", \"Discount\", \"Discounted price\"]}}]"}}, {"model": "admin.logentry", "pk": 54, "fields": {"action_time": "2021-07-20T13:54:32.908Z", "user": 1, "content_type": 7, "object_id": "1", "object_repr": "example.com", "action_flag": 2, "change_message": "[]"}}, {"model": "admin.logentry", "pk": 55, "fields": {"action_time": "2021-07-26T15:38:43.731Z", "user": 1, "content_type": 15, "object_id": "3", "object_repr": "A Child's Introduction To The Night Sky", "action_flag": 2, "change_message": "[{\"changed\": {\"fields\": [\"Discounted price\"]}}]"}}, {"model": "admin.logentry", "pk": 56, "fields": {"action_time": "2021-07-26T15:39:51.460Z", "user": 1, "content_type": 15, "object_id": "3", "object_repr": "A Child's Introduction To The Night Sky", "action_flag": 2, "change_message": "[{\"changed\": {\"fields\": [\"Discount\"]}}]"}}, {"model": "admin.logentry", "pk": 57, "fields": {"action_time": "2021-07-26T20:03:00.647Z", "user": 1, "content_type": 15, "object_id": "8", "object_repr": "Great Book", "action_flag": 3, "change_message": ""}}, {"model": "admin.logentry", "pk": 58, "fields": {"action_time": "2021-07-26T20:08:22.981Z", "user": 1, "content_type": 15, "object_id": "9", "object_repr": "Great Book", "action_flag": 2, "change_message": "[{\"changed\": {\"fields\": [\"Discount\"]}}]"}}, {"model": "admin.logentry", "pk": 59, "fields": {"action_time": "2021-07-28T13:34:21.942Z", "user": 1, "content_type": 15, "object_id": "9", "object_repr": "Great Book", "action_flag": 2, "change_message": "[{\"changed\": {\"fields\": [\"Set sale price\"]}}]"}}, {"model": "admin.logentry", "pk": 60, "fields": {"action_time": "2021-08-09T19:05:22.601Z", "user": 1, "content_type": 8, "object_id": "1", "object_repr": "nmglasper@gmail.com", "action_flag": 2, "change_message": "[{\"changed\": {\"fields\": [\"Verified\"]}}]"}}, {"model": "admin.logentry", "pk": 61, "fields": {"action_time": "2021-08-10T09:00:01.714Z", "user": 1, "content_type": 8, "object_id": "2", "object_repr": "test@test.com", "action_flag": 2, "change_message": "[{\"changed\": {\"fields\": [\"Verified\"]}}]"}}, {"model": "admin.logentry", "pk": 62, "fields": {"action_time": "2021-08-10T09:27:10.897Z", "user": 1, "content_type": 8, "object_id": "3", "object_repr": "testme@gmail.com", "action_flag": 2, "change_message": "[{\"changed\": {\"fields\": [\"Verified\", \"Primary\"]}}]"}}, {"model": "admin.logentry", "pk": 63, "fields": {"action_time": "2021-08-10T10:26:16.682Z", "user": 1, "content_type": 4, "object_id": "4", "object_repr": "notsuper", "action_flag": 1, "change_message": "[{\"added\": {}}]"}}, {"model": "admin.logentry", "pk": 64, "fields": {"action_time": "2021-08-10T10:27:59.234Z", "user": 1, "content_type": 4, "object_id": "4", "object_repr": "notsuper", "action_flag": 2, "change_message": "[{\"changed\": {\"fields\": [\"Email address\"]}}]"}}, {"model": "admin.logentry", "pk": 65, "fields": {"action_time": "2021-08-10T10:29:19.047Z", "user": 1, "content_type": 8, "object_id": "4", "object_repr": "not@super.com", "action_flag": 2, "change_message": "[{\"changed\": {\"fields\": [\"Verified\"]}}]"}}, {"model": "admin.logentry", "pk": 66, "fields": {"action_time": "2021-08-10T10:35:23.600Z", "user": 6, "content_type": 8, "object_id": "5", "object_repr": "nell@nell.nell", "action_flag": 2, "change_message": "[{\"changed\": {\"fields\": [\"Verified\"]}}]"}}, {"model": "admin.logentry", "pk": 67, "fields": {"action_time": "2021-08-11T16:00:34.446Z", "user": 8, "content_type": 8, "object_id": "6", "object_repr": "test@test.net", "action_flag": 2, "change_message": "[{\"changed\": {\"fields\": [\"Verified\"]}}]"}}, {"model": "admin.logentry", "pk": 68, "fields": {"action_time": "2021-08-12T14:51:20.106Z", "user": 8, "content_type": 19, "object_id": "14", "object_repr": "ORDER5267452289", "action_flag": 2, "change_message": "[{\"added\": {\"name\": \"line item\", \"object\": \"9730212560 on order ORDER5267452289\"}}]"}}, {"model": "admin.logentry", "pk": 69, "fields": {"action_time": "2021-08-13T15:19:47.926Z", "user": 8, "content_type": 8, "object_id": "7", "object_repr": "me@me.com", "action_flag": 2, "change_message": "[{\"changed\": {\"fields\": [\"Verified\"]}}]"}}, {"model": "admin.logentry", "pk": 70, "fields": {"action_time": "2021-08-13T15:52:33.303Z", "user": 10, "content_type": 18, "object_id": "6", "object_repr": "admin", "action_flag": 1, "change_message": "[{\"added\": {}}]"}}, {"model": "admin.logentry", "pk": 71, "fields": {"action_time": "2021-08-13T15:52:44.571Z", "user": 10, "content_type": 18, "object_id": "7", "object_repr": "allauthuser", "action_flag": 1, "change_message": "[{\"added\": {}}]"}}, {"model": "admin.logentry", "pk": 72, "fields": {"action_time": "2021-08-13T15:53:10.270Z", "user": 10, "content_type": 18, "object_id": "8", "object_repr": "notsuper", "action_flag": 1, "change_message": "[{\"added\": {}}]"}}, {"model": "admin.logentry", "pk": 73, "fields": {"action_time": "2021-08-13T15:53:17.756Z", "user": 10, "content_type": 18, "object_id": "9", "object_repr": "qwe", "action_flag": 1, "change_message": "[{\"added\": {}}]"}}, {"model": "admin.logentry", "pk": 74, "fields": {"action_time": "2021-08-13T15:53:25.123Z", "user": 10, "content_type": 18, "object_id": "10", "object_repr": "test", "action_flag": 1, "change_message": "[{\"added\": {}}]"}}, {"model": "auth.user", "pk": 1, "fields": {"password": "pbkdf2_sha256$260000$BikGNcOS0heSKdPjnuOtw4$ojK1UcJeLf4wSjsmXW31E/xJuNlZ+Rhrev5vfNX+dfo=", "last_login": "2021-08-12T11:37:49.581Z", "is_superuser": true, "username": "admin", "first_name": "", "last_name": "", "email": "nmglasper@gmail.com", "is_staff": true, "is_active": true, "date_joined": "2021-07-15T15:20:51.164Z", "groups": [], "user_permissions": []}}, {"model": "auth.user", "pk": 2, "fields": {"password": "pbkdf2_sha256$260000$twpMcMF2X7a6qUP3BV757l$aCmU18WkTO/goNPrCR8JR+aZpeiH3ZVrB44q0zwbxHU=", "last_login": "2021-08-10T09:01:08.110Z", "is_superuser": true, "username": "test", "first_name": "", "last_name": "", "email": "test@test.com", "is_staff": true, "is_active": true, "date_joined": "2021-08-10T08:58:51.186Z", "groups": [], "user_permissions": []}}, {"model": "auth.user", "pk": 3, "fields": {"password": "pbkdf2_sha256$260000$rfnW623I7m6MRG3yHr7tN1$Fy++Yljtsl/EWGza5xQOG+P+tSjisz8b5Bz6OZRDnKA=", "last_login": "2021-08-13T15:19:11.626Z", "is_superuser": false, "username": "allauthuser", "first_name": "", "last_name": "", "email": "testme@gmail.com", "is_staff": false, "is_active": true, "date_joined": "2021-08-10T09:26:38.924Z", "groups": [], "user_permissions": []}}, {"model": "auth.user", "pk": 4, "fields": {"password": "pbkdf2_sha256$260000$4rGTPWwF26FOH2o5Zt51VB$CDt3olc5AwoV11HD4s8PK/PjC59XyCSqZAy6MlpMUJc=", "last_login": "2021-08-10T10:29:36.631Z", "is_superuser": false, "username": "notsuper", "first_name": "", "last_name": "", "email": "not@super.com", "is_staff": false, "is_active": true, "date_joined": "2021-08-10T10:26:16Z", "groups": [], "user_permissions": []}}, {"model": "auth.user", "pk": 5, "fields": {"password": "pbkdf2_sha256$260000$yVI7if4WrAMwbjeodRE7qm$ls/rNir7uH/1AABNe+uZOAqMZpmvJUZCV187KJmml1U=", "last_login": "2021-08-10T10:31:53.446Z", "is_superuser": true, "username": "qwe", "first_name": "", "last_name": "", "email": "qwe@qwe.qwe", "is_staff": true, "is_active": true, "date_joined": "2021-08-10T10:31:40.959Z", "groups": [], "user_permissions": []}}, {"model": "auth.user", "pk": 6, "fields": {"password": "pbkdf2_sha256$260000$k4zugyT9KaCV2PBP6gAfSL$ZJmhaOA2Q7kn57GhUD0JeKPqXTROU4EOfNWENqxWFng=", "last_login": "2021-08-10T10:35:15.735Z", "is_superuser": true, "username": "nell", "first_name": "", "last_name": "", "email": "nell@nell.nell", "is_staff": true, "is_active": true, "date_joined": "2021-08-10T10:34:40.253Z", "groups": [], "user_permissions": []}}, {"model": "auth.user", "pk": 7, "fields": {"password": "pbkdf2_sha256$260000$RKYPznjzO23dvW4C0UQK0W$be1vvaV+vVcvJQ05uPHA19gULB2O68LndnWvw8phKuA=", "last_login": null, "is_superuser": false, "username": "nellg", "first_name": "", "last_name": "", "email": "test@test.net", "is_staff": false, "is_active": true, "date_joined": "2021-08-11T15:58:07.098Z", "groups": [], "user_permissions": []}}, {"model": "auth.user", "pk": 8, "fields": {"password": "pbkdf2_sha256$260000$n4AW1Mpyk6vXKsWXivOtTE$qFkLxujbrKmMg4MUeUJlsQNalfB6GeZg4MGSZ69PocQ=", "last_login": "2021-08-13T15:20:00.800Z", "is_superuser": true, "username": "me", "first_name": "", "last_name": "", "email": "me@me.com", "is_staff": true, "is_active": true, "date_joined": "2021-08-11T16:00:03.516Z", "groups": [], "user_permissions": []}}, {"model": "auth.user", "pk": 9, "fields": {"password": "pbkdf2_sha256$260000$tsfihBU6zIYYg94WR8SJRy$IDKoS3GuLHqoPE75F4zVy99pOo7/m9cVxd6D/XJggSI=", "last_login": null, "is_superuser": true, "username": "david", "first_name": "", "last_name": "", "email": "david@d.com", "is_staff": true, "is_active": true, "date_joined": "2021-08-13T15:33:17.307Z", "groups": [], "user_permissions": []}}, {"model": "auth.user", "pk": 10, "fields": {"password": "pbkdf2_sha256$260000$CBUmAWXnV3uYPq2ZcXWI3i$Ki+iy+bQ7H+dmDvte6P/vsWJTFstlZ7Twwi7hD95vPw=", "last_login": "2021-08-13T15:50:42.980Z", "is_superuser": true, "username": "A", "first_name": "", "last_name": "", "email": "A@a.com", "is_staff": true, "is_active": true, "date_joined": "2021-08-13T15:50:12.719Z", "groups": [], "user_permissions": []}}, {"model": "sessions.session", "pk": "2evzri0j2l01hvblxzfgc61lar36tqw4", "fields": {"session_data": "eyJhY2NvdW50X3ZlcmlmaWVkX2VtYWlsIjpudWxsLCJhY2NvdW50X3VzZXIiOiI3In0:1mDqcf:tMdS_YO1VcTu3oete7gggF0wILJWumzAqGVOV6jacKs", "expire_date": "2021-08-25T15:58:29.810Z"}}, {"model": "sessions.session", "pk": "3jzj4itkh5r47l5tcq1euiuxsvuvzj4h", "fields": {"session_data": "e30:1mDOPq:4mNJe0I64Qh86kjcjzaZrJ77vT336M7lYjGCnTHxnJA", "expire_date": "2021-08-24T09:51:22.023Z"}}, {"model": "sessions.session", "pk": "563h3tgkriedt7yscwtqvpmf64ymz3yi", "fields": {"session_data": ".eJxVjEEOgjAQRe_StWkoU9qOS_eegQwzU4saSCisjHdXEha6_e-9_zI9bWvpt6pLP4o5m86cfreB-KHTDuRO0222PE_rMg52V-xBq73Oos_L4f4dFKrlWydIioANBvSIPuUmdqzivHTUyhBSYgiUM0BukZ1GjMIuUgIUAM7m_QHI4Deq:1mDP33:VG_xitYd8xIj2XDmO75Fd4HQMNxdC3cl4ynHNsTV1Qg", "expire_date": "2021-08-24T10:31:53.478Z"}}, {"model": "sessions.session", "pk": "5z7p9mxkh1g9q6phizlycavlka6pku82", "fields": {"session_data": ".eJxVjDsOwyAQBe9CHSGMdwGnTO8zoAWW4CQCyZ8qyt0jJBdJ-2bmvYWnYy_-2Hj1SxJX4cTldwsUn1w7SA-q9yZjq_u6BNkVedJNzi3x63a6fweFttJrh0gWosaYHYEBtNrwMISRDZCmSRFnHANoo1lFyNOk2CKMKTM4dOLzBdqtN4Q:1mDqeV:kDy-S5hEH2CBx9-3qXEj4PbvvKIKeRV_iCNCeZ0U5Mc", "expire_date": "2021-08-25T16:00:23.112Z"}}, {"model": "sessions.session", "pk": "67rj5jhr2o9mqhwuhqtn1xgh6m7zjrbd", "fields": {"session_data": "e30:1mE91x:_GqELd5Cby-HqK6ZeYQjeS_5OlxcqtUYzanznXQuNCk", "expire_date": "2021-08-26T11:37:49.562Z"}}, {"model": "sessions.session", "pk": "6hkluwwyxj9qq2g3jdqrck6j1z3pfz5l", "fields": {"session_data": ".eJxVjEEOwiAQRe_C2pDWDhS6dO8ZyMx0tKgBA22iMd5dm3Sh2__efy8VcJmnsFQpIY5qUE7tfjdCvkpawXjBdM6ac5pLJL0qeqNVH_Mot8Pm_gUmrNP3fbIkYC2hswbEWcvGeOl6aHrYCxE5L9xB58gjNwwOWugdiMeWkcWs0Sq1xpyCPO6xPNXQvD-M7j8u:1mEYyW:qFURfPpU_AXCCmCHRohrPxQb_O1NrWGXMXcFPnZsMVI", "expire_date": "2021-08-27T15:20:00.854Z"}}, {"model": "sessions.session", "pk": "9cnwpbm8k9barawsftpkkch35psnpijx", "fields": {"session_data": "e30:1mDOOc:TCqhbcaJ7YyUlx_jt6p5L8t1sSmnbUcLUGtA2s5UOyc", "expire_date": "2021-08-24T09:50:06.241Z"}}, {"model": "sessions.session", "pk": "fig65fq5selmdnaptg7spksjpkbx7b9q", "fields": {"session_data": ".eJxVjEEOwiAQRe_C2hBgKKBL9z0DGYZBqoYmpV0Z765NutDtf-_9l4i4rTVunZc4ZXERWonT75iQHtx2ku_YbrOkua3LlOSuyIN2Oc6Zn9fD_Tuo2Ou3LshAXgESZWfRoR68D4BIQCadFRgctNWZHBQuIQTOClTSyjjLxoF4fwAeZTgS:1mEZSF:ZVzaohdg89gCUQgLATWo6S0siKkPrik5x9tl8L-CGVI", "expire_date": "2021-08-27T15:50:43.034Z"}}, {"model": "sessions.session", "pk": "geyli84gzklwwfgmzya9apkcjxto4xg7", "fields": {"session_data": ".eJxVjEEOwiAQRe_C2hDoAAWX7j0DmTKDVA0kpV0Z765NutDtf-_9l4i4rSVunZc4kzgLLU6_24TpwXUHdMd6azK1ui7zJHdFHrTLayN-Xg7376BgL9_awGi9V4o823HQkMkrB0YbZRSqlNk6sM5oAEA7ZI3knXUhAIfMmbR4fwCc1zaH:1m4P5g:hh2T42sUQ3IkrGbPl-uv7YFVOOffZv9YF2el1vH8rDY", "expire_date": "2021-07-30T14:45:24.065Z"}}, {"model": "sessions.session", "pk": "has6hk9sshqwkafp946ide0pvtz4mgr2", "fields": {"session_data": "e30:1mDqao:gpJc8GozA0Ev1zFreMIK0r4gPnk2TRkH5QLDHaO0Eqc", "expire_date": "2021-08-25T15:56:34.429Z"}}, {"model": "sessions.session", "pk": "ip3f2n2d5f3bqk5j7if7f2et79g9tm3o", "fields": {"session_data": "eyJiYXNrZXQiOnsiNiI6MX19:1mDo2H:GN4qUl7MZ_YhY3ksdmYX4E1AieIi6DSqYLcMfv9V0tA", "expire_date": "2021-08-25T13:12:45.889Z"}}, {"model": "sessions.session", "pk": "kfl8rix10wig68n55j313yizw81hekmz", "fields": {"session_data": "eyJiYXNrZXQiOnt9fQ:1mDqWb:gci4Mc3AaBmb0nomCfy3ijzL3iRsSfuhJioHMaR8KtM", "expire_date": "2021-08-25T15:52:13.169Z"}}, {"model": "sessions.session", "pk": "nxtvnlqxahffcmr5916tdvwmbo1057v8", "fields": {"session_data": ".eJxVjkEKwyAURO_y10FErYkuu-8Z5Ku_jW3REhNoCbl7DWST5cy8GWYFV6nWVLKj7ydNP7C8A4fLPLql0uRSBAsaTp7H8KK8B_GJ-VFYKHmekmc7wo60sluJ9L4e7GlgxDq2thhM7KM0mmsM2ghPOgxBUlDN6LEPnPAehRHSa5LoUakYLlw1wVVE30Y91hfNYFeQYEUHCqzp2l8rt-0PwZBG7w:1mDkM1:bQA5Bc6yYQfZ3uMn6tzUQGckYGUvKJZT4tfasCLqtaU", "expire_date": "2021-08-25T09:16:53.602Z"}}, {"model": "sessions.session", "pk": "qb0vq2jtwaa4wei5rh6ocoycih9r1tyz", "fields": {"session_data": "eyJiYXNrZXQiOnsiNiI6MSwiNCI6NH19:1mDp3H:nn0_sWfod20apKVimpTfx2mzUlTO6fZ_aE-g_UfOHNE", "expire_date": "2021-08-25T14:17:51.905Z"}}, {"model": "sessions.session", "pk": "qvxz5v0kjt22k7wvdzlfdk43x3m0uu6d", "fields": {"session_data": ".eJxVjEEOwiAQRe_C2hDoAAWX7j0DmTKDVA0kpV0Z765NutDtf-_9l4i4rSVunZc4kzgLLU6_24TpwXUHdMd6azK1ui7zJHdFHrTLayN-Xg7376BgL9_awGi9V4o823HQkMkrB0YbZRSqlNk6sM5oAEA7ZI3knXUhAIfMmbR4fwCc1zaH:1m43Ja:WuScHcfORBw02VMNgOjm20aDQD2udQx08KfnlNLv_cc", "expire_date": "2021-07-29T15:30:18.410Z"}}, {"model": "sessions.session", "pk": "tc0a3exf6okdzsytjjodi20326tiy6k3", "fields": {"session_data": "eyJfc2Vzc2lvbl9leHBpcnkiOjB9:1mEYxj:p_mZJZXMIeDIl2IE5zx4LruCzU6G0igmq57Lh1rdlvY", "expire_date": "2021-08-27T15:19:11.567Z"}}, {"model": "sessions.session", "pk": "xq5dm8dk8nbtfmd27ivrgnkbro3f2yld", "fields": {"session_data": "e30:1mDON1:63rfQwDCU0C5CcjQskMvefP4jwMxPSHHl_z4WWbihS8", "expire_date": "2021-08-24T09:48:27.273Z"}}, {"model": "sessions.session", "pk": "zxhgixf2cr5ej7zzallvfk4yd0z6e189", "fields": {"session_data": "e30:1mDOOy:Mv1w2WkP9wLp0jM9_yzyKe3d8J4cie4TE6SYhZgg6I4", "expire_date": "2021-08-24T09:50:28.835Z"}}, {"model": "sites.site", "pk": 1, "fields": {"domain": "example.com", "name": "example.com"}}, {"model": "account.emailaddress", "pk": 1, "fields": {"user": 1, "email": "nmglasper@gmail.com", "verified": true, "primary": false}}, {"model": "account.emailaddress", "pk": 2, "fields": {"user": 2, "email": "test@test.com", "verified": true, "primary": false}}, {"model": "account.emailaddress", "pk": 3, "fields": {"user": 3, "email": "testme@gmail.com", "verified": true, "primary": false}}, {"model": "account.emailaddress", "pk": 4, "fields": {"user": 4, "email": "not@super.com", "verified": true, "primary": false}}, {"model": "account.emailaddress", "pk": 5, "fields": {"user": 6, "email": "nell@nell.nell", "verified": true, "primary": false}}, {"model": "account.emailaddress", "pk": 6, "fields": {"user": 7, "email": "test@test.net", "verified": true, "primary": true}}, {"model": "account.emailaddress", "pk": 7, "fields": {"user": 8, "email": "me@me.com", "verified": true, "primary": false}}, {"model": "items.genre", "pk": 1, "fields": {"name": "nature_world", "screen_name": "Nature & Our World"}}, {"model": "items.genre", "pk": 2, "fields": {"name": "technology_machines", "screen_name": "Technology, Machines & Transport"}}, {"model": "items.genre", "pk": 3, "fields": {"name": "space", "screen_name": "Space & The Planets"}}, {"model": "items.genre", "pk": 4, "fields": {"name": "history", "screen_name": "History & Prehistory"}}, {"model": "items.genre", "pk": 5, "fields": {"name": "dinosaurs", "screen_name": "Dinos & Prehistoric Animals"}}, {"model": "items.genre", "pk": 6, "fields": {"name": "animals", "screen_name": "Animals"}}, {"model": "items.genre", "pk": 7, "fields": {"name": "oceans_sea", "screen_name": "Under The Sea"}}, {"model": "items.age_range", "pk": 1, "fields": {"age_range": "preschool"}}, {"model": "items.age_range", "pk": 2, "fields": {"age_range": "5-7"}}, {"model": "items.age_range", "pk": 3, "fields": {"age_range": "8-10"}}, {"model": "items.age_range", "pk": 4, "fields": {"age_range": "teen"}}, {"model": "items.author", "pk": 1, "fields": {"first_name": "Nell", "surname": "Glasper"}}, {"model": "items.author", "pk": 2, "fields": {"first_name": "Chris", "surname": "McLeod"}}, {"model": "items.author", "pk": 3, "fields": {"first_name": "David", "surname": "Glasper"}}, {"model": "items.author", "pk": 4, "fields": {"first_name": "Nell", "surname": "McLeod"}}, {"model": "items.author", "pk": 5, "fields": {"first_name": "Folly", "surname": "Twatdog"}}, {"model": "items.author", "pk": 6, "fields": {"first_name": "Michael", "surname": "Driscoll"}}, {"model": "items.author", "pk": 7, "fields": {"first_name": "Bruce", "surname": "Betts"}}, {"model": "items.author", "pk": 8, "fields": {"first_name": "Catherine D.", "surname": "Hughes"}}, {"model": "items.author", "pk": 9, "fields": {"first_name": "Testy", "surname": "Testname"}}, {"model": "items.author", "pk": 10, "fields": {"first_name": "Again", "surname": "Illtestthis"}}, {"model": "items.author", "pk": 11, "fields": {"first_name": "Message", "surname": "Test"}}, {"model": "items.author", "pk": 12, "fields": {"first_name": "test", "surname": "message"}}, {"model": "items.author", "pk": 13, "fields": {"first_name": "New", "surname": "Name"}}, {"model": "items.author", "pk": 14, "fields": {"first_name": "Nell", "surname": "Twatdog"}}, {"model": "items.author", "pk": 15, "fields": {"first_name": "Knell", "surname": "Clasper"}}, {"model": "items.author", "pk": 16, "fields": {"first_name": "try", "surname": "again"}}, {"model": "items.item", "pk": 3, "fields": {"sku": "5037928408", "title": "A Child's Introduction To The Night Sky", "description": "A Child's Introduction to the Night Sky is the perfect introduction to the always fascinating world of astronomy. Children ages eight and up will find out what astronomers have learned (and are still discovering), what astronauts and scientists explore, and what they can find by gazing up into the sky at night.", "image": "night_sky.jpeg", "price": "12.99", "discount": "10", "set_sale_price": "0.00", "quantity_sold": "0", "genre": [3], "author": [1, 2, 6], "age_range": [1, 2]}}, {"model": "items.item", "pk": 4, "fields": {"sku": "9730212560", "title": "My First Book of Planets", "description": "Get even the smallest astronomer excited for the big universe of space, from the bright and burning sun to our own blue Earth to ice-capped Pluto and every planet in between. With this book, kids will explore the entire solar system through incredible photos and fascinating facts on what makes each planet so special-like their size, distance from the sun, what the surface is like, how many moons they have, and more!", "image": "first_book_of_planets.jpeg", "price": "0.00", "discount": "0", "set_sale_price": "0.00", "quantity_sold": "0", "genre": [1, 3], "author": [7], "age_range": [3]}}, {"model": "items.item", "pk": 5, "fields": {"sku": "5796248355", "title": "National Geographic Little Kids First Big Book of Space", "description": "The latest addition to the \"National Geographic Little Kids First Big Books Series\", \"Little Kids First Big Book of Space\" is a visually compelling and approachable first reference book for 4-8 year olds who are eager to have their very own big books. Featuring fun, short entries about planets, stars, galaxies, and more, this charming book is perfect for reading aloud or for beginning readers to enjoy by themselves.", "image": "big_book_of_space.jpg", "price": "0.00", "discount": "0", "set_sale_price": "0.00", "quantity_sold": "0", "genre": [3], "author": [2], "age_range": [3]}}, {"model": "items.item", "pk": 6, "fields": {"sku": "9633027093", "title": "My Test Book", "description": "testing", "image": "", "price": "0.00", "discount": "0", "set_sale_price": "0.00", "quantity_sold": "0", "genre": [3, 4, 6], "author": [6, 7], "age_range": [2, 3]}}, {"model": "items.item", "pk": 9, "fields": {"sku": "4873287495", "title": "Great Book", "description": "This is a really great book.", "image": "", "price": "12.99", "discount": "2", "set_sale_price": "10.00", "quantity_sold": "0", "genre": [4], "author": [2], "age_range": [4]}}, {"model": "items.item", "pk": 10, "fields": {"sku": "7370356849", "title": "float?", "description": "float test", "image": "", "price": "100.00", "discount": "10", "set_sale_price": "70.00", "quantity_sold": "0", "genre": [2], "author": [5], "age_range": [1]}}, {"model": "items.item", "pk": 11, "fields": {"sku": "2013789340", "title": "float?", "description": "float test", "image": "", "price": "100.00", "discount": "0", "set_sale_price": "0.00", "quantity_sold": "0", "genre": [2], "author": [5], "age_range": [1]}}, {"model": "profiles.userprofile", "pk": 1, "fields": {"user": 6, "default_phone_number": "07828703027", "default_street_address1": "The Old Rectory", "default_street_address2": "Raithby", "default_town_or_city": "Louth", "default_postcode": "LN11 9RR", "default_email_address": "not_given"}}, {"model": "profiles.userprofile", "pk": 2, "fields": {"user": 7, "default_phone_number": null, "default_street_address1": null, "default_street_address2": null, "default_town_or_city": null, "default_postcode": null, "default_email_address": "not_given"}}, {"model": "profiles.userprofile", "pk": 3, "fields": {"user": 8, "default_phone_number": "+447828703027", "default_street_address1": "The Old Rectory", "default_street_address2": "Raithby-cum-Maltby", "default_town_or_city": "Louth", "default_postcode": "LN11 9RR", "default_email_address": "not_given"}}, {"model": "profiles.userprofile", "pk": 4, "fields": {"user": 9, "default_phone_number": null, "default_street_address1": null, "default_street_address2": null, "default_town_or_city": null, "default_postcode": null, "default_email_address": "not_given"}}, {"model": "profiles.userprofile", "pk": 5, "fields": {"user": 10, "default_phone_number": null, "default_street_address1": null, "default_street_address2": null, "default_town_or_city": null, "default_postcode": null, "default_email_address": "not_given"}}, {"model": "profiles.userprofile", "pk": 6, "fields": {"user": 1, "default_phone_number": null, "default_street_address1": null, "default_street_address2": null, "default_town_or_city": null, "default_postcode": null, "default_email_address": "a@a.com"}}, {"model": "profiles.userprofile", "pk": 7, "fields": {"user": 3, "default_phone_number": null, "default_street_address1": null, "default_street_address2": null, "default_town_or_city": null, "default_postcode": null, "default_email_address": "a@a.com"}}, {"model": "profiles.userprofile", "pk": 8, "fields": {"user": 4, "default_phone_number": null, "default_street_address1": null, "default_street_address2": null, "default_town_or_city": null, "default_postcode": null, "default_email_address": "a@a.com"}}, {"model": "profiles.userprofile", "pk": 9, "fields": {"user": 5, "default_phone_number": null, "default_street_address1": null, "default_street_address2": null, "default_town_or_city": null, "default_postcode": null, "default_email_address": "a@a.com"}}, {"model": "profiles.userprofile", "pk": 10, "fields": {"user": 2, "default_phone_number": null, "default_street_address1": null, "default_street_address2": null, "default_town_or_city": null, "default_postcode": null, "default_email_address": "a@a.com"}}, {"model": "checkout.order", "pk": 1, "fields": {"order_number": "ORDER9104709746", "customer_name": "Ellen Glasper", "email_address": "nmglasper@gmail.com", "phone_number": "+447828703027", "street_address1": "The Old Rectory", "street_address2": "Raithby-cum-Maltby", "town_or_city": "Louth", "postcode": "LN11 9RR", "order_date": "2021-08-12T13:53:57.150Z", "delivery_cost": "2.99", "basket_total": "0.00", "grand_total": "0.00"}}, {"model": "checkout.order", "pk": 2, "fields": {"order_number": "ORDER3489413039", "customer_name": "Ellen Glasper", "email_address": "nmglasper@gmail.com", "phone_number": "+447828703027", "street_address1": "The Old Rectory", "street_address2": "Raithby-cum-Maltby", "town_or_city": "Louth", "postcode": "LN11 9RR", "order_date": "2021-08-12T13:55:07.667Z", "delivery_cost": "2.99", "basket_total": "0.00", "grand_total": "0.00"}}, {"model": "checkout.order", "pk": 3, "fields": {"order_number": "ORDER1893207463", "customer_name": "Ellen Glasper", "email_address": "nmglasper@gmail.com", "phone_number": "+447828703027", "street_address1": "The Old Rectory", "street_address2": "Raithby-cum-Maltby", "town_or_city": "Louth", "postcode": "LN11 9RR", "order_date": "2021-08-12T13:55:25.475Z", "delivery_cost": "2.99", "basket_total": "0.00", "grand_total": "0.00"}}, {"model": "checkout.order", "pk": 4, "fields": {"order_number": "ORDER5908988402", "customer_name": "Ellen Glasper", "email_address": "nmglasper@gmail.com", "phone_number": "+447828703027", "street_address1": "The Old Rectory", "street_address2": "Raithby-cum-Maltby", "town_or_city": "Louth", "postcode": "LN11 9RR", "order_date": "2021-08-12T13:55:53.191Z", "delivery_cost": "2.99", "basket_total": "0.00", "grand_total": "0.00"}}, {"model": "checkout.order", "pk": 5, "fields": {"order_number": "ORDER8030688843", "customer_name": "Ellen Glasper", "email_address": "nmglasper@gmail.com", "phone_number": "+447828703027", "street_address1": "The Old Rectory", "street_address2": "Raithby-cum-Maltby", "town_or_city": "Louth", "postcode": "LN11 9RR", "order_date": "2021-08-12T13:56:50.414Z", "delivery_cost": "2.99", "basket_total": "0.00", "grand_total": "0.00"}}, {"model": "checkout.order", "pk": 6, "fields": {"order_number": "ORDER4085414939", "customer_name": "Ellen Glasper", "email_address": "nmglasper@gmail.com", "phone_number": "+447828703027", "street_address1": "The Old Rectory", "street_address2": "Raithby-cum-Maltby", "town_or_city": "Louth", "postcode": "LN11 9RR", "order_date": "2021-08-12T13:57:55.335Z", "delivery_cost": "2.99", "basket_total": "0.00", "grand_total": "0.00"}}, {"model": "checkout.order", "pk": 7, "fields": {"order_number": "ORDER6264233012", "customer_name": "Ellen Glasper", "email_address": "nmglasper@gmail.com", "phone_number": "+447828703027", "street_address1": "The Old Rectory", "street_address2": "Raithby-cum-Maltby", "town_or_city": "Louth", "postcode": "LN11 9RR", "order_date": "2021-08-12T13:58:21.597Z", "delivery_cost": "2.99", "basket_total": "0.00", "grand_total": "0.00"}}, {"model": "checkout.order", "pk": 8, "fields": {"order_number": "ORDER4761604535", "customer_name": "Ellen Glasper", "email_address": "nmglasper@gmail.com", "phone_number": "+447828703027", "street_address1": "The Old Rectory", "street_address2": "Raithby-cum-Maltby", "town_or_city": "Louth", "postcode": "LN11 9RR", "order_date": "2021-08-12T14:01:01.171Z", "delivery_cost": "2.99", "basket_total": "0.00", "grand_total": "0.00"}}, {"model": "checkout.order", "pk": 9, "fields": {"order_number": "ORDER7669945488", "customer_name": "Ellen Glasper", "email_address": "nmglasper@gmail.com", "phone_number": "+447828703027", "street_address1": "The Old Rectory", "street_address2": "Raithby-cum-Maltby", "town_or_city": "Louth", "postcode": "LN11 9RR", "order_date": "2021-08-12T14:02:49.468Z", "delivery_cost": "2.99", "basket_total": "0.00", "grand_total": "0.00"}}, {"model": "checkout.order", "pk": 10, "fields": {"order_number": "ORDER9532890776", "customer_name": "Ellen Glasper", "email_address": "nmglasper@gmail.com", "phone_number": "+447828703027", "street_address1": "The Old Rectory", "street_address2": "Raithby-cum-Maltby", "town_or_city": "Louth", "postcode": "LN11 9RR", "order_date": "2021-08-12T14:03:57.432Z", "delivery_cost": "2.99", "basket_total": "0.00", "grand_total": "0.00"}}, {"model": "checkout.order", "pk": 11, "fields": {"order_number": "ORDER7866932878", "customer_name": "Ellen Glasper", "email_address": "nmglasper@gmail.com", "phone_number": "+447828703027", "street_address1": "The Old Rectory", "street_address2": "Raithby-cum-Maltby", "town_or_city": "Louth", "postcode": "LN11 9RR", "order_date": "2021-08-12T14:04:00.265Z", "delivery_cost": "2.99", "basket_total": "0.00", "grand_total": "0.00"}}, {"model": "checkout.order", "pk": 12, "fields": {"order_number": "ORDER2377730579", "customer_name": "Ellen Glasper", "email_address": "nmglasper@gmail.com", "phone_number": "+447828703027", "street_address1": "The Old Rectory", "street_address2": "Raithby-cum-Maltby", "town_or_city": "Louth", "postcode": "LN11 9RR", "order_date": "2021-08-12T14:05:41.264Z", "delivery_cost": "2.99", "basket_total": "0.00", "grand_total": "0.00"}}, {"model": "checkout.order", "pk": 13, "fields": {"order_number": "ORDER3169678810", "customer_name": "Ellen Glasper", "email_address": "nmglasper@gmail.com", "phone_number": "+447828703027", "street_address1": "The Old Rectory", "street_address2": "Raithby-cum-Maltby", "town_or_city": "Louth", "postcode": "LN11 9RR", "order_date": "2021-08-12T14:07:39.990Z", "delivery_cost": "2.99", "basket_total": "12.99", "grand_total": "15.98"}}, {"model": "checkout.order", "pk": 14, "fields": {"order_number": "ORDER5267452289", "customer_name": "me", "email_address": "test@test.com", "phone_number": "+447828703027", "street_address1": "The Old Rectory", "street_address2": "Raithby-cum-Maltby", "town_or_city": "Louth", "postcode": "LN11 9RR", "order_date": "2021-08-12T14:26:25.906Z", "delivery_cost": "2.99", "basket_total": "12.99", "grand_total": "15.98"}}, {"model": "checkout.order", "pk": 15, "fields": {"order_number": "ORDER6695094241", "customer_name": "Ellen Glasper", "email_address": "nmglasper@gmail.com", "phone_number": "+447828703027", "street_address1": "The Old Rectory", "street_address2": "Raithby-cum-Maltby", "town_or_city": "Louth", "postcode": "LN11 9RR", "order_date": "2021-08-12T14:50:41.878Z", "delivery_cost": "2.99", "basket_total": "25.98", "grand_total": "28.97"}}, {"model": "checkout.order", "pk": 16, "fields": {"order_number": "ORDER6574389497", "customer_name": "Ellen Glasper", "email_address": "nmglasper@gmail.com", "phone_number": "+447828703027", "street_address1": "The Old Rectory", "street_address2": "Raithby-cum-Maltby", "town_or_city": "Louth", "postcode": "LN11 9RR", "order_date": "2021-08-12T15:56:03.571Z", "delivery_cost": "2.99", "basket_total": "12.99", "grand_total": "15.98"}}, {"model": "checkout.order", "pk": 17, "fields": {"order_number": "ORDER6841987061", "customer_name": "Ellen Glasper", "email_address": "nmglasper@gmail.com", "phone_number": "+447828703027", "street_address1": "The Old Rectory", "street_address2": "Raithby-cum-Maltby", "town_or_city": "Louth", "postcode": "LN11 9RR", "order_date": "2021-08-12T15:59:51.589Z", "delivery_cost": "2.99", "basket_total": "12.99", "grand_total": "15.98"}}, {"model": "checkout.order", "pk": 18, "fields": {"order_number": "ORDER2116227065", "customer_name": "Ellen Glasper", "email_address": "nmglasper@gmail.com", "phone_number": "+447828703027", "street_address1": "The Old Rectory", "street_address2": "Raithby-cum-Maltby", "town_or_city": "Louth", "postcode": "LN11 9RR", "order_date": "2021-08-12T16:01:13.238Z", "delivery_cost": "2.99", "basket_total": "12.99", "grand_total": "15.98"}}, {"model": "checkout.order", "pk": 19, "fields": {"order_number": "ORDER2451104405", "customer_name": "Ellen Glasper", "email_address": "nmglasper@gmail.com", "phone_number": "+447828703027", "street_address1": "The Old Rectory", "street_address2": "Raithby-cum-Maltby", "town_or_city": "Louth", "postcode": "LN11 9RR", "order_date": "2021-08-12T16:08:32.601Z", "delivery_cost": "2.99", "basket_total": "12.99", "grand_total": "15.98"}}, {"model": "checkout.order", "pk": 20, "fields": {"order_number": "ORDER2018566813", "customer_name": "Ellen Glasper", "email_address": "nmglasper@gmail.com", "phone_number": "+447828703027", "street_address1": "The Old Rectory", "street_address2": "Raithby-cum-Maltby", "town_or_city": "Louth", "postcode": "LN11 9RR", "order_date": "2021-08-12T16:58:43.044Z", "delivery_cost": "2.99", "basket_total": "12.99", "grand_total": "15.98"}}, {"model": "checkout.lineitem", "pk": 1, "fields": {"related_order": 6, "item": 9, "quantity": 1, "line_total": "12.99"}}, {"model": "checkout.lineitem", "pk": 2, "fields": {"related_order": 7, "item": 9, "quantity": 1, "line_total": "12.99"}}, {"model": "checkout.lineitem", "pk": 3, "fields": {"related_order": 8, "item": 9, "quantity": 1, "line_total": "12.99"}}, {"model": "checkout.lineitem", "pk": 4, "fields": {"related_order": 9, "item": 9, "quantity": 1, "line_total": "12.99"}}, {"model": "checkout.lineitem", "pk": 5, "fields": {"related_order": 10, "item": 9, "quantity": 1, "line_total": "12.99"}}, {"model": "checkout.lineitem", "pk": 6, "fields": {"related_order": 11, "item": 9, "quantity": 1, "line_total": "12.99"}}, {"model": "checkout.lineitem", "pk": 7, "fields": {"related_order": 12, "item": 9, "quantity": 1, "line_total": "12.99"}}, {"model": "checkout.lineitem", "pk": 8, "fields": {"related_order": 13, "item": 9, "quantity": 1, "line_total": "12.99"}}, {"model": "checkout.lineitem", "pk": 9, "fields": {"related_order": 14, "item": 9, "quantity": 1, "line_total": "12.99"}}, {"model": "checkout.lineitem", "pk": 10, "fields": {"related_order": 15, "item": 9, "quantity": 1, "line_total": "12.99"}}, {"model": "checkout.lineitem", "pk": 11, "fields": {"related_order": 15, "item": 3, "quantity": 1, "line_total": "12.99"}}, {"model": "checkout.lineitem", "pk": 12, "fields": {"related_order": 14, "item": 4, "quantity": 1, "line_total": "0.00"}}, {"model": "checkout.lineitem", "pk": 13, "fields": {"related_order": 16, "item": 3, "quantity": 1, "line_total": "12.99"}}, {"model": "checkout.lineitem", "pk": 14, "fields": {"related_order": 17, "item": 3, "quantity": 1, "line_total": "12.99"}}, {"model": "checkout.lineitem", "pk": 15, "fields": {"related_order": 18, "item": 3, "quantity": 1, "line_total": "12.99"}}, {"model": "checkout.lineitem", "pk": 16, "fields": {"related_order": 19, "item": 3, "quantity": 1, "line_total": "12.99"}}, {"model": "checkout.lineitem", "pk": 17, "fields": {"related_order": 20, "item": 3, "quantity": 1, "line_total": "12.99"}}]